name,id
oc_collated_metadata_LS457_2026-02-27.feather,1LPSQLsHR4LvjIXa2Wumbdpzh_g8rszhC
oc_collated_metadata_LS89_2026-02-27.feather,1vLBjQrtzNymWAy2sa0xk93QZcsq2y7rm
oc_collated_sites_LC08_01_DSWE1_2026-02-27.feather,12HJH3cvNU1TgxIZYkFsKoe3gnPNdkq27
oc_collated_sites_LC08_01_DSWE1a_2026-02-27.feather,19w4b_-inKpanvTzI7UtwPfayf09Tk2Pn
oc_collated_sites_LC08_02_DSWE1_2026-02-27.feather,18TkoGJamux2hYFYpDsIG7UE38TDGAd62
oc_collated_sites_LC08_02_DSWE1a_2026-02-27.feather,1_TZoVsg5bZRwIc10icYKBYrfGt6CHITx
oc_collated_sites_LC08_19_DSWE1_2026-02-27.feather,1NYWp5aSW5lzfkZraeuwThyPUpM_sRGHn
oc_collated_sites_LC08_19_DSWE1a_2026-02-27.feather,166lVUFcnFFFV0T42PBZ6Zk2iVGLI6kqf
oc_collated_sites_LC09_01_DSWE1_2026-02-27.feather,1hV6Y2NKeNIKYbEcgE6iinMPppFxkE2Sr
oc_collated_sites_LC09_01_DSWE1a_2026-02-27.feather,17itwPbpZDz-mNvoBLB-vfKNgIsdQUio1
oc_collated_sites_LC09_02_DSWE1_2026-02-27.feather,14sWsuCV4tA9e8cLj6Q8xQExRShMvHE1Q
oc_collated_sites_LC09_02_DSWE1a_2026-02-27.feather,1dRxywkNnM7mwZyzS29Gp1pz3cebTxmoK
oc_collated_sites_LC09_19_DSWE1_2026-02-27.feather,1l8H0252c8mExye178Y_0Uy31udy5GdO5
oc_collated_sites_LC09_19_DSWE1a_2026-02-27.feather,1oGLpPTyDi25Cwq_rbf-ToaFeCXIRjTCf
oc_collated_sites_LE07_01_DSWE1_2026-02-27.feather,1IVPmdKBnbQMkcRygdYLZKCP3IJgI24ps
oc_collated_sites_LE07_01_DSWE1a_2026-02-27.feather,1S4FYyjx-b3kkTivMh0rxJKzF7NDmREZc
oc_collated_sites_LE07_02_DSWE1_2026-02-27.feather,1ESzvQJiFK208T0BqIdq1lf3bFTPCEzEK
oc_collated_sites_LE07_02_DSWE1a_2026-02-27.feather,1OucYGxAj1IA6be7VAPYh7FOfUywjwDOZ
oc_collated_sites_LE07_19_DSWE1_2026-02-27.feather,14kwHEA903OblnQSDTAmb9YgzyXWN3JO3
oc_collated_sites_LE07_19_DSWE1a_2026-02-27.feather,1jiP2tiLGcZ9d0a4gM7-748sB0APja4NC
oc_collated_sites_LT04_01_DSWE1_2026-02-27.feather,1o4KsmmwJQVtacdBepCpfG4isl_dDgNYF
oc_collated_sites_LT04_01_DSWE1a_2026-02-27.feather,1QmGXIlhs30NI8KA4c8jAZgRa1mf-VbQh
oc_collated_sites_LT04_02_DSWE1_2026-02-27.feather,1GhqjHB01dz9sMyxgrumrolXgi_jSeRZY
oc_collated_sites_LT04_02_DSWE1a_2026-02-27.feather,1Un_kooXylL_2N_WTofeziSC5GijCDzSR
oc_collated_sites_LT04_19_DSWE1_2026-02-27.feather,1kosUbDvxMw8HDq4ue6Z9rHTq_tKO0VEb
oc_collated_sites_LT04_19_DSWE1a_2026-02-27.feather,1TuVmQ0DR8WgKjFxx326Z7wWKMfPzcLak
oc_collated_sites_LT05_01_DSWE1_2026-02-27.feather,1V9jQ6UyzVJacq5zFSyRXlsRW7BF4JFUL
oc_collated_sites_LT05_01_DSWE1a_2026-02-27.feather,1fa9gHtvVRXldhtMekrahAni5mRsTwlBS
oc_collated_sites_LT05_02_DSWE1_2026-02-27.feather,1_gJyv9fGWJvfNsxbCiBpDNPnrJzt5MxQ
oc_collated_sites_LT05_02_DSWE1a_2026-02-27.feather,1oWGShwIGXoMlMdf44WhkSs7snJxVSzD1
oc_collated_sites_LT05_19_DSWE1_2026-02-27.feather,1DoRaaQr-YuxsR8YkUVl5CS-EB1oz5PA9
oc_collated_sites_LT05_19_DSWE1a_2026-02-27.feather,1Hwltpj3mDDvc7hio27MxKk9GIb7J3iTx
